{"cameraMode":{"drawMode":0,"name":"Shaded","section":"Shading Mode"},"sceneLighting":true,"audioPlay":false,"sceneViewState":{"showFog":true,"showMaterialUpdate":false,"showSkybox":true,"showFlares":true,"showImageEffects":true,"showParticleSystems":true},"in2DMode":false,"pivot":{"x":172.19464111328126,"y":26.52167510986328,"z":130.1983642578125},"rotation":{"x":0.14973068237304688,"y":-0.8496229648590088,"z":0.33886751532554629,"w":0.37546584010124209},"size":235.7225799560547,"orthographic":false}