{"cameraMode":{"drawMode":0,"name":"Shaded","section":"Shading Mode"},"sceneLighting":true,"audioPlay":false,"sceneViewState":{"showFog":true,"showMaterialUpdate":false,"showSkybox":true,"showFlares":true,"showImageEffects":true,"showParticleSystems":true},"in2DMode":false,"pivot":{"x":123.38548278808594,"y":0.7188628911972046,"z":126.0826644897461},"rotation":{"x":-0.413011759519577,"y":0.07990818470716477,"z":-0.0369669571518898,"w":-0.9066286683082581},"size":191.4783172607422,"orthographic":false}