{"cameraMode":{"drawMode":0,"name":"Shaded","section":"Shading Mode"},"sceneLighting":true,"audioPlay":false,"sceneViewState":{"showFog":true,"showMaterialUpdate":false,"showSkybox":true,"showFlares":true,"showImageEffects":true,"showParticleSystems":true},"in2DMode":false,"pivot":{"x":0.16549396514892579,"y":0.8462038040161133,"z":0.9491925239562988},"rotation":{"x":-0.2229326218366623,"y":0.5172944664955139,"z":-0.14166846871376038,"w":-0.8140262961387634},"size":19.55521011352539,"orthographic":false}